CustomerID,Name,Email,City
1,Alice,alice@gmail.com,New York
2,Bob,bob@gmail.com,Los Angeles
3,Charlie,charlie@gmail.com,Chicago
4,Diana,diana@gmail.com,Houston
5,Eve,eve@gmail.com,Phoenix
6,Frank,frank@gmail.com,Miami
7,bala,bala@gmail.com,Ongole
8,raju,raju@gmail.com,Prakasam