OrderID,CustomerID,OrderDate,TotalAmount
101,1,2025-01-01,200.50
102,2,2025-01-03,350.75
103,1,2025-01-05,180.00
104,3,2025-01-07,90.00
105,4,2025-01-10,250.25
106,5,2025-01-12,125.50
107,1,2025-01-15,300.00
108,8,2025-02-22,400.00